title,href,body
Cat - Wikipedia,https://en.wikipedia.org/wiki/Cat,"The cat (Felis catus), also referred to as domestic cat or house cat, is a small domesticated carnivorous mammal. It is the only domesticated species of the family Felidae.Advances in archaeology and genetics have shown that the domestication of the cat occurred in the Near East around 7500 BC.It is commonly kept as a house pet and farm cat, but also ranges freely as a feral cat avoiding human ..."
List of Cat Breeds - Types of Cats - Cats.com,https://cats.com/cat-Breeds,Toyger Compare breed. Turkish Angora Compare breed. Turkish Van Compare breed. Turkish Vankedisi Compare breed. Ukrainian Levkoy Compare breed. Ussuri Compare breed. York Chocolate Compare breed. Learn about the different types of cat breeds and their characteristics. Find the perfect pet using our cat breed profile selector.
"Cat | Breeds, Origins, History, Body Types, Senses, Behavior ...",https://www.britannica.com/animal/cat,"cat, (Felis catus), domesticated member (felid) of the family Felidae.The family is generally divided between cats from the subfamily Pantherinae, which roar (including lions, tigers, and leopards), and cats from the subfamily Felinae, which purr instead (including cougars, bobcats, and domestic cats).According to the latest research, purring likely stems from a special pad within the folds of ..."
Domestic cat - National Geographic,https://www.nationalgeographic.com/animals/mammals/facts/domestic-cat,"In the U.S. alone, cats reign over about 45.3 million households. There are at least 45 domestic breeds, which differ widely in features such as coat color, tail length, hair texture, and ..."
"Facts about cats: Domestication, breeds and behavior | Live Science",https://www.livescience.com/facts-about-cats,A 2016 study in the journal Pet Behaviour Science found that spending time with a cat reduced heart rate and blood pressure in both owners and volunteers who didn't own cats. A study published ...
Cat Anatomy Guide - Cats.com,https://cats.com/cat-anatomy-guide,"A cat's tail accounts for 10% of all the bones in their body, and in most cats is around 30cm long. Their long tail acts as a counterweight, helping cats to balance. It's important for communication too - the shape and movement of your cat's tail can tell you a lot about their mood."
"Cat - Simple English Wikipedia, the free encyclopedia",https://simple.wikipedia.org/wiki/Cat,"Cat. Cats, also called domestic cats (Felis catus), are small, carnivorous (meat eating) mammals, of the family Felidae. [3][4][5] Cats have been domesticated (tamed) for nearly 10,000 years. [6] Domestic cats may be called 'house cats' when kept as indoor pets. [7] They are one of the most popular pets in the world."
All Cat Breeds - All Types of Cats (78 Breeds),https://www.catbreedslist.com/all-cat-breeds/,"Here's the complete order of rankings, based on CFA's registration totals during 2018: Cat Breeds. Popularity 2018. Temperament. Hypoallergenic. Weight Range. Ragdoll. Lifespan: 12-17 years. Origin: United States."
Cat Breeds List - 70+ Cat Breeds with Pictures and Prices,https://www.catbreedslist.com/,"Cat Wallpapers (2560x1440) Paper Crane, Bubbles (1920x1300) White, Fluffy, Beautiful (1920x1200) Kitten, Cute, Look Up (2112x1188) Cartoon, Cute, Purple. View More + Share this Page: cat dog Our Sites Home All Cat Breeds Cat Wallpapers Top Stories Quick Links 100 Cute Kitten Names Cat Breeds A-Z"
CatTime - The place for all things feline,https://cattime.com/,"Your destination for all things feline. Here you'll find articles and editorials on a variety of cat-centric topics, from expert recommendations to cat breed info to health advice to the latest animal news to names for a cat. CatTime even offers a national adoptable cat finder for would-be owners to search for available pets at local shelters and rescues."
Funniest Cats - Don't try to hold back Laughter - YouTube,https://www.youtube.com/watch?v=eX2qFMC8cFo,Enjoy a compilation of the funniest cats that will make it impossible to hold back your laughter.
"30,000+ Best Cat Photos · 100% Free Download - Pexels",https://www.pexels.com/search/cat/,"Download and use 30,000+ Cat stock photos for free. Thousands of new images every day Completely Free to Use High-quality videos and images from Pexels. Photos. Explore. License. Upload. Upload Join. dog love sea art sky baby girl city cute cats pet kitty landscape black cat cat and dog cute cat. Cat Photos. Photos 30.3K Videos 2K Users 32.9K."
Watch: Rare wild cat caught on camera in Sky Island mountains,https://www.newsweek.com/rare-wild-cat-caught-camera-sky-island-mountains-1964042,"The footage, taken on July 24, 2024, by a trail camera in an undisclosed location, appears to show the wild cat as it leaps down to grab a drink from a pool of water in the dead of night."
Funny CATS - HOLD YOUR LAUGH IF YOU CAN (CHALLENGE) - YouTube,https://www.youtube.com/watch?v=72NfSwCzFVE,Cats are simply the funniest and most hilarious animals! Can you hold your laugh while watching this super funny cat compilation? Just look how all these cat...
Baby Cats - Cute and Funny Cat Videos Compilation #60 - YouTube,https://www.youtube.com/watch?v=E9iP8jdtYZ0,Baby cats are amazing creature because they are the cutest and most funny. Watching funny baby cats is the hardest try not to laugh challenge. It is funny an...
What Is Scruffing in Cats? - The Spruce Pets,https://www.thesprucepets.com/how-to-scruff-a-cat-554075,"Can damage your relationship with your cat: When cats are doing things we do not want, we can react in a way that startles our cats.This includes shouting, scruffing, throwing things, and spraying water. These methods can cause your cat to become scared and anxious around you, lose their trust in you, associate the punishment with you and not the behavior, and increase behavior issues due to ..."
What to Do If Your Cat Gets Bitten by a Snake - Daily Paws,https://www.dailypaws.com/cats-kittens/cat-safety-tips/snake-bite-on-cat,"Cat Snakebite Symptoms . If your cat has been bitten by a snake, they may start to exhibit certain symptoms. Unlike dogs, symptoms may not appear immediately, but instead within 12 to 24 hours after your cat is bitten. Keep an eye out for these signs."
Products & Services - North America | Cat | Caterpillar,https://www.cat.com/en_US.html,"The Cat® Card: A Better Way to Pay for Parts & Services. The Cat® Card is the quick, convenient way to get the parts and services you need for your equipment. Discover ways this unsecured line of credit can help your business or fill out the application in just 5-7 minutes."
Cute and Funny Cat Videos to Keep You Smiling! - YouTube,https://www.youtube.com/watch?v=tpiyEe_CqB4,"Hoomans! Rufus here! Cats are my best frens! I made this brand new compilation for you of my favorite Cat, Kittens and even newborn kittens pets and animals!..."
"What Beyoncé, Selena Gomez, and Doja Cat Wore This Week - The Cut",https://www.thecut.com/article/what-beyonce-selena-gomez-and-doja-cat-wore-this-week.html,"Doja Cat had another memorable red-carpet moment in custom Atelier Versace at the Albies. Best Glam: Selena Gomez Photo: Theo Wargo/Getty Images for FLC. Selena Gomez wore a cool halter-neck black dress, the back tied neatly in a bow, with a great winged eyeliner look at the 62nd New York Film Festival for the red carpet of her movie Emilia Pérez."
